title,price,rating
Valleycomfy Vintage Casual Corduroy Tote Bags Women Hobo Crossbody Bag Purse for Women Travel Shoulder Bags Handbags Eco Bag,$15.99,4.5 out of 5 stars
"ETRONIK Gym Bag for Women, Travel Duffel Bag with USB Charging Port, Weekender Overnight Bag with Wet Pocket and Shoes Compartment for Women, Travel, Gym, Yoga (Pink)",$36.99,4.6 out of 5 stars
"BAGSMART Women Tote Bag with Zipper, Laptop Travel Tote diaper Gym Tote Yoga Bag with Yoga Mat Buckle for Sports,College,Work",$32.99,4.7 out of 5 stars
"TOPDesign Personalized Initial Canvas Beach Bag, Monogrammed Gift Tote Bag for Women",$14.44,4.8 out of 5 stars
"AIYUENCICI Crochet Tote Bag, Fairy Hobo Bag for Women Aesthetic Bag Y2k Purse Knitted Shoulder Bag for Girls Mesh Beach Bags",$9.34,4.4 out of 5 stars
"Sinzip 12 Pieces Cotton Canvas Makeup Bag, Multipurpose Cosmetic Bag with Zipper Travel Toiletry Pouch, Blank DIY Craft Bag (Pink, S)",$13.99,4.5 out of 5 stars
"NATINSA Canvas Crossbody Tote Shoulder Purse Bag for Women and Men with Multi-pocket for Shopping, Travel and Work",$26.99,4.4 out of 5 stars
"EVANCARY Small Sling Backpack/Bag for Women, Chest Bag Daypack Crossbody Backpack for Travel Sports Running Hiking",$9.98,4.3 out of 5 stars
Rockland Duffel Bag,,4.7 out of 5 stars
"GUTGNK Makeup Bag For Women - Corduroy Cosmetic Bags Aesthetic Design Ladies Tote Bag,Women's Pencil Case,Cute Smiley Face Makeup Organizer with Zipper (Beige)",$6.99,4.8 out of 5 stars
"Carhartt Unisex Adult Zip, Durable, Adjustable Crossbody Bag with Zipper Closure, Black, One Size",,4.6 out of 5 stars
KALIDI Women Corduroy Tote Bag Zipper Casual Tote's Handbag Big Capacity Shoulder Bag with Pockets,$15.19,4.6 out of 5 stars
Marc Jacobs Women's The Large Tote Bag,$175.00,4.7 out of 5 stars
"Crossbody Sling Backpack Sling Bag, Small Chest Bag Daypack Fanny Pack Cross Body Bag for Hiking Traveling Outdoors",$9.95,4.4 out of 5 stars
"adidas Unisex Alliance 2 Sackpack, Black, One Size",,4.8 out of 5 stars
3 In 1 Tactical 30L Military Backpack Travel Duffle Bag for Weekender Gym Workout Deployment,$35.99,5.0 out of 5 stars
CROVA Laptop Backpack Laptops Travel Business Computer Bag Men Women Fits 15.6 Inch,$9.90,4.0 out of 5 stars
"Adoztz Kawaii Drawstring Bags,Cartoon Drawstring Storage Bags Dance Bag for Woman,Anime Makeup Bag Swimming Beach Gym Bag (Melo)",$7.99,4.0 out of 5 stars
Tactical Travel Duffle Bag with Shoes Compartment Weekender Bags Carry On Overnight Bag For Men and Women Gym Sports Tote Pocket,$22.99,4.6 out of 5 stars
"Gym Bag for Women Men, 40L Travel Duffle Bag with Toiletry Bag Waterproof Sports Gym Tote Bags with Shoe Compartment & Wet Pocket Large Weekender Overnight Carry on Bag for Sport Workout Travel, Black",$31.99,4.9 out of 5 stars
suratio Tote Bag For Women Canvas The Tote Bag Travel Laptop Tote Bag Purse With Compartments,$27.99,4.6 out of 5 stars
"qbag paris Nest Zip, Large, tote bag for women, shoulder bag, Washable, Stylish, chocolate",$99.99,4.0 out of 5 stars
Makeup Bag for Women Girls Cute Corduroy Travel Cosmetic Tote Large Make Up Organizer Toiletry Bags Zipper Pouch Purse,$9.99,4.7 out of 5 stars
"Small Gym Bag for Women, Waterproof Duffle Bag Carry On Weekender Bag with Shoe Compartment & Wet Pocket, Gym Tote Bag for Travel, Workout, Sport",$25.99,4.3 out of 5 stars
"EACHY Travel Makeup Bag,Large Capacity Cosmetic Bags for Women,Waterproof Portable Pouch Open Flat Toiletry Bag Make up Organizer with Divider and Handle",$23.99,4.6 out of 5 stars
Women Men Crossbody Shoulder Bag Large Hobo Bag with Multiple Pockets Canvas Messenger Tote Bag for Women and Men,$24.99,4.4 out of 5 stars
Sling-Bag Crossbody-Bag Women-Men Backpack-Daypack - Hiking Chest Travel with Water Bottle Pocket Portable Hiking Daypacks for Women Black,$19.99,4.2 out of 5 stars
Montana West Slouchy Hobo Bags for Women Soft Designer Shoulder Purses Ladies Top Handle Handbag,$26.99,4.3 out of 5 stars
"BAGSMART Travel Toiletry Bag, Lightweight Large Wide-open Travel Bag for Women, Puffy Cosmetic Makeup Bag Organizer with Handle for Accessories,Essentials, Toiletries, Black",$25.99,4.7 out of 5 stars
"KALIDI Corduroy Tote Bag, Large Messenger Bag Shoulder Hobo Anti Splash Crossbody Zipper Bag Casual Work Shopping Women",$18.99,4.5 out of 5 stars
Tote Bag Women Small Satchel Bag Stylish Tote Handbag for Women Corduroy Hobo Bag Fashion Crossbody Bag College Bag 2023,$16.99,4.3 out of 5 stars
PUMA Evercat Contender Duffel Bag,$23.80,4.7 out of 5 stars
PUMA Kids' Evercat Transformation Duffel,,4.6 out of 5 stars
"Soimeat Travel Clear Makeup Bag with Makeup Brush Bag, Leather Makeup Case Toiletry Bag, Portable Cosmetic Bag Case, Transparent Waterproof Cosmetic Organizer Storage Bag for Women, Off-White",$23.99,4.9 out of 5 stars
"Beraliy Travel Backpack, Carry On Backpack for Women, Airline Approved Personal Item Bag, Lightweight Weekender Bag, Laptop Backpack Hiking Business Casual Gym Daypack, Pink",$23.99,4.6 out of 5 stars
"BAGSMART Makeup Bag Travel Cosmetic Bag, Puffy Padded Make Up Bags for Women Large Capacity Makeup Organizer Case, Wide-open Pouch Purse Travel Essentials Toiletries Accessories Brushes, Pink",$9.99,4.7 out of 5 stars
ALUWU Corduroy Tote Bag for Women Girl Canvas Shoulder Handbags Cute Large Purse,$15.99,4.7 out of 5 stars
"Travel Duffel Bag, Sports Tote Gym Bag, Shoulder Weekender Overnight Bag for Women",$28.99,4.7 out of 5 stars
Ultimate Gym Bag 2.0: The Durable Crowdsource Designed Duffel Bag with 10 Optimal Compartments Including Water Resistant Pouch,$29.99,4.7 out of 5 stars
"BAGSMART Clear Toiletry Bag, 2 Pack TSA Approved Travel Toiletry Bag Carry on Travel Accessories Bag Airport Airline Quart Size Bags Water Repellent Makeup Cosmetic Bag for Women (Black-2pcs)",$8.99,4.6 out of 5 stars
The Drop Women's Rylee Quilted Belt Bag,,4.2 out of 5 stars
"Freshly Picked Minimal Diaper Bag Backpack, Chocolate Croc",$189.00,4.5 out of 5 stars
"Freshly Picked Mini Minimal Diaper Bag Backpack, Chocolate Croc",$119.00,4.3 out of 5 stars
PUMA Evercat Form Factor Duffel Bag,$18.31,4.7 out of 5 stars
"Laptop Bag for Women 15.6 inch Laptop Tote Bag Waterproof Leather Computer Bag Lightweight Womens Briefcase Professional Business Office Work Bag Large Capacity Handbag Shoulder Bag 2pcs Set, Black",$43.99,4.5 out of 5 stars
"BAGSMART Toiletry Bag Travel Bag with Hanging Hook, Water-resistant Makeup Cosmetic Bag Travel Organizer for Accessories, Shampoo, Full-size Container, Toiletries",$22.99,4.8 out of 5 stars
"BAGSMART Tote Bag for Women, Foldable Tote Bag With Zipper Large Shoulder Bag Top Handle Handbag for Travel, Work",$24.99,4.6 out of 5 stars
"Freshly Picked City Pack II, Leopard",$179.00,4.4 out of 5 stars
American West Leather Harvest Moon Ladies Zip-Top Bucket Tote,$174.00,4.5 out of 5 stars
"Canway 65L Travel Duffel Bag, Foldable Weekender Bag with Shoes Compartment for Men Women Water-proof & Tear Resistant",$32.99,4.7 out of 5 stars
"Women's Faux Leather Tote Bag, Purses and Handbags for Women Fashion Tote Bags Shoulder Bag Top Handle Satchel Bags Purse Set",$39.99,4.2 out of 5 stars
Sowaovut Travel Laptop Backpack Anti-Theft Bag with usb Charging Port and Password Lock Fit 16 Inch Laptops for Men Women,$19.31,4.6 out of 5 stars
"BAGSMART Clear Makeup Bags, 3 Pack TSA Approved Toiletry Bag with Handle Large Opening, Cosmetic Bag Organizer, Quart Size Travel Bag for Toiletries, Carry-on Travel Accessories Essentials,Black-3pcs",$9.99,5.0 out of 5 stars
Travel Duffle Bag for Men - Foldable Duffel Bag with Shoes Compartment - Overnight Bags Waterproof & Tear Resistant,$15.19,4.3 out of 5 stars
500 Pcs Popcorn Bags 2oz Popcorn Paper Bags Stripes Retro Popcorn Bags Disposable Popcorn Bags for Party Movie Theater Carnival Festivals Movie Theme Party Supplies (Red),$29.99,4.2 out of 5 stars
"BAGSMART Gym Bags for Men Women, Foldable Sports Duffle Bag, Lightweight Travel Bag Weekender Duffel Bag With Shoe Compartment, Water Resistant Workout Duffle Sports Bag for Travel Yoga, Black",$19.99,4.5 out of 5 stars
Nautica Diver Nylon Small Womens Crossbody Bag Purse with Adjustable Shoulder Strap,,4.5 out of 5 stars
"adidas Stadium 2 Team Shoe Bag, Black, One Size",,4.8 out of 5 stars
"CAB55 Double Roller 2 Ball Bowling Bag with Separate Shoe Compartment, 2 Ball Bowling Bag with Wheels, (Up To US Men Size 16), and Multiple multifunctional accessory Pockets",$60.99,3.9 out of 5 stars
"STANSPORT - Deluxe Duffel Bag With Zipper For Gym, Travel, & Storage",,4.6 out of 5 stars
"Fit & Fresh, All the Things Women's Weekender Bag, Large Travel Bags for Women, Overnight Bag, Carry On Tote, Hospital Bag",,4.8 out of 5 stars
"Crossbody Sling Bag for Women & Men, Waterproof Sling Backpack with USB Charging Port, Shoulder Chest Bag for Hiking, Travel",$12.99,4.7 out of 5 stars
WATERFLY Crossbody Sling Backpack Sling Bag Travel Hiking Chest Bag Daypack,$23.99,4.5 out of 5 stars
Nautica Womens Lakeside Signature Jaquard North South Crossbody Bag,,4.5 out of 5 stars
"BAGSMART Weekender Overnight Bag 39L Large Travel Duffle Bag for Women, Quilted Cotton Sports Gym Bag with Shoe Compartment, Carry-on Bag with Multiple Pockets, Machine Washable(Black)",$37.99,4.4 out of 5 stars
LOVEVOOK Laptop Bag for Women 15.6 Inch Laptop Tote Bag Waterproof Work Bag Computer Bag Leather Briefcase Business Office Bag Large Capacity Handbag Shoulder Bag,$31.99,5.0 out of 5 stars
The Drop Women's Jade Straw Tote with Chain Strap,,4.3 out of 5 stars
Cosmetic Bags for Women Small Cute Lovely Succulent Cactus Makeup Bag for Purse Travel Toiletry Bag Accessories Organizer Zipper Pouch Gift Idea White,$6.99,4.7 out of 5 stars
SYLLIA Sports Duffel Bags with Cosmetic Gym Bag for Women Men Travelling Waterproof Bag with Wet Pocket and Shoe Compartment,$20.00,4.3 out of 5 stars
"TOPDesign Initial Jute/Canvas Tote Bag, Personalized Present Bag, Suitable for Wedding, Birthday, Beach, Holiday, is a Great Gift for Women, Mom, Teachers, Friends, Bridesmaids (Letter M)",$16.99,4.7 out of 5 stars
"KALIDI Tote Bag for Women Purses Handbags Crossbody Bag Large Tote Bag with Zipper Chic Hobo Bag for Women for Work,Casual",$39.99,4.2 out of 5 stars
"The Tote Bag for Women, PU Leather Tote Bag, Shoulder, Crossbody, or Handheld Bag for School, Office, Travel (10.6X13X6.3in)",$26.99,4.3 out of 5 stars
"MATEIN Travel Laptop Backpack, Business Anti Theft Slim Durable Laptops Backpack with USB Charging Port, Water Resistant College School Computer Bag Gift for Men & Women Fits 15.6 Inch Notebook, Grey",$29.99,4.7 out of 5 stars
HOLYLUCK Drawstring Backpack Bag Sport Gym Sackpack,$9.88,4.7 out of 5 stars
"charlore The Leather Tote Bag For Women, Womens Tote Bags with zipper,Can shoulder/crossbody,Handbag",$39.99,4.5 out of 5 stars
Women Fashion Handbags Wallet Tote Bag Shoulder Bag Top Handle Satchel Purse Set 4pcs,$38.99,4.4 out of 5 stars
